{"cameraMode":{"drawMode":0,"name":"Shaded","section":"Shading Mode"},"sceneLighting":true,"audioPlay":false,"sceneViewState":{"showFog":true,"showMaterialUpdate":false,"showSkybox":true,"showFlares":true,"showImageEffects":true,"showParticleSystems":true},"in2DMode":false,"pivot":{"x":-0.4314035177230835,"y":-0.49885228276252749,"z":0.31348443031311037},"rotation":{"x":-0.20405270159244538,"y":0.792221188545227,"z":-0.36123257875442507,"w":-0.44751453399658205},"size":4.207394599914551,"orthographic":false}